-- 百惠康大药房系统 - 测试数据脚本
-- 用途：为Mock环境提供完整的测试数据
-- 执行：mysql -u root -p pharmacy_online_market < 测试数据脚本.sql

USE pharmacy_online_market;

-- ========================================
-- 1. 商品分类测试数据
-- ========================================
INSERT INTO category (category_name, parent_id, sort_order, icon, status) VALUES
('感冒发烧', 0, 1, '/images/category/cold.png', 1),
('肠胃消化', 0, 2, '/images/category/stomach.png', 1),
('皮肤用药', 0, 3, '/images/category/skin.png', 1),
('维生素', 0, 4, '/images/category/vitamin.png', 1),
('心脑血管', 0, 5, '/images/category/heart.png', 1),
('妇科用药', 0, 6, '/images/category/woman.png', 1);

-- ========================================
-- 2. 商品测试数据
-- ========================================

-- 感冒发烧类
INSERT INTO product (product_id, product_name, category_id, brand, specification, unit, approval_number, manufacturer, price, original_price, is_prescription, main_image, description, indication, usage, status, sales_volume) VALUES
('P00001', '999感冒灵颗粒', 1, '三九', '10g*9袋', '盒', '国药准字Z44021940', '华润三九医药股份有限公司', 15.80, 18.00, 0, '/images/product/p001.jpg', '解热镇痛。用于感冒引起的头痛，发热，鼻塞。流涕，咽痛等。', '感冒、发烧、头痛、鼻塞', '开水冲服。一次1袋，一日3次', 1, 1234),
('P00002', '感康复方氨酚烷胺片', 1, '感康', '12片*2板', '盒', '国药准字H11022196', '吉林敖东集团', 12.50, 15.00, 0, '/images/product/p002.jpg', '适用于缓解普通感冒及流行性感冒引起的发热、头痛、四肢酸痛、打喷嚏、流鼻涕、鼻塞、咽痛等症状。', '感冒、流感', '口服。成人，一次1片，一日2次', 1, 856),

-- 肠胃消化类
('P00003', '健胃消食片', 2, '江中', '0.8g*36片', '瓶', '国药准字Z36020073', '江中药业股份有限公司', 12.50, 15.00, 0, '/images/product/p003.jpg', '健胃消食。用于脾胃虚弱所致的食积，症见不思饮食、嗳腐酸臭、脘腹胀满；消化不良见上述证候者', '消化不良、食积', '口服，一次3片，一日3次', 1, 2341),
('P00004', '吗丁啉', 2, '西安杨森', '10mg*30片', '盒', '国药准字H10910003', '西安杨森制药有限公司', 28.90, 32.00, 0, '/images/product/p004.jpg', '用于消化不良、腹胀、嗳气、恶心、呕吐', '消化不良、胃胀', '口服。成人一次1片，一日3次', 1, 567),

-- 处方药
('P00005', '阿莫西林胶囊', 1, '石药', '0.25g*24粒', '盒', '国药准字H13023825', '石药集团欧意药业有限公司', 8.90, 10.00, 1, '/images/product/p005.jpg', '用于敏感菌所致的各种感染', '细菌感染、呼吸道感染', '口服。成人一次0.5g，每6~8小时1次', 1, 432),

-- 维生素类
('P00006', '维生素C片', 4, '养生堂', '100mg*100片', '瓶', '国药准字H10960005', '养生堂药业有限公司', 9.90, 12.00, 0, '/images/product/p006.jpg', '用于预防坏血病，也可用于各种急慢性传染疾病及紫癜等的辅助治疗', '维生素C缺乏', '口服。成人一次1~2片，一日3次', 1, 3421),
('P00007', '21金维他', 4, '杭州民生', '60片', '瓶', '国药准字H33020058', '杭州民生药业有限公司', 19.80, 22.00, 0, '/images/product/p007.jpg', '营养补充剂。用于预防因维生素与矿物质缺乏所引起的各种疾病', '维生素缺乏', '口服。成人一次1片，一日1次', 1, 1876),

-- 皮肤用药
('P00008', '云南白药创可贴', 3, '云南白药', '10片/盒', '盒', '滇械注准20152640101', '云南白药集团', 6.50, 8.00, 0, '/images/product/p008.jpg', '用于小伤口、擦伤的处理', '外伤、擦伤', '外用。清洁伤口后贴敷', 1, 5432),

-- 心脑血管类
('P00009', '阿司匹林肠溶片', 5, '拜耳', '100mg*30片', '盒', '国药准字J20171021', '拜耳医药保健有限公司', 18.50, 22.00, 1, '/images/product/p009.jpg', '用于预防心脑血管疾病', '心脑血管疾病预防', '口服。一次100mg，一日1次', 1, 234),

-- 妇科用药
('P00010', '妇炎康片', 6, '仁和', '0.26g*48片', '盒', '国药准字Z20025286', '仁和（集团）发展有限公司', 23.80, 26.00, 0, '/images/product/p010.jpg', '清热利湿，理气活血，散结消肿。用于湿热下注所致的带下量多、色黄质稠', '妇科炎症', '口服。一次6片，一日3次', 1, 678);

-- ========================================
-- 3. 库存测试数据
-- ========================================
INSERT INTO inventory (product_id, available_stock, frozen_stock, total_stock, warning_stock, version) VALUES
('P00001', 100, 0, 100, 10, 0),
('P00002', 150, 0, 150, 10, 0),
('P00003', 200, 0, 200, 10, 0),
('P00004', 80, 0, 80, 10, 0),
('P00005', 60, 0, 60, 10, 0),
('P00006', 300, 0, 300, 10, 0),
('P00007', 120, 0, 120, 10, 0),
('P00008', 500, 0, 500, 10, 0),
('P00009', 50, 0, 50, 10, 0),
('P00010', 90, 0, 90, 10, 0);

-- ========================================
-- 4. 验证数据
-- ========================================

-- 查看分类
SELECT id, category_name, status FROM category;

-- 查看商品
SELECT product_id, product_name, price, is_prescription, status FROM product;

-- 查看库存
SELECT i.product_id, p.product_name, i.available_stock, i.total_stock 
FROM inventory i 
LEFT JOIN product p ON i.product_id = p.product_id;

-- 查看管理员
SELECT id, username, real_name, role FROM admin_user;

-- ========================================
-- 统计信息
-- ========================================
SELECT 
  '商品分类' AS 项目, COUNT(*) AS 数量 FROM category
UNION ALL
SELECT '商品数量', COUNT(*) FROM product
UNION ALL
SELECT '库存记录', COUNT(*) FROM inventory
UNION ALL
SELECT '管理员', COUNT(*) FROM admin_user;

-- 预期结果：
-- 商品分类: 6
-- 商品数量: 10
-- 库存记录: 10
-- 管理员: 1

